,content,publish_time,s_publish_time,sentiment,1. open,2. high,3. low,4. close,5. volume,same_day_change,same_day_percentage_change,1_day_change,1_day_percentage_change,same_day_accuracy,1_day_accuracy
0,"Tesla Inc. is considering cutting the price of its China-built Model 3 sedans by 20% or more next year, people familiar with the matter said, betting the move will lure buyers as the world’s biggest electric-vehicle market slows.",2019-12-18T05:34:44.663Z,2019-12-18 00:00:00+00:00,0,380.63,395.22,380.58,393.15,14136392.0,12.519999999999982,0.03289283556209437,14.159999999999968,0.037362463389535305,0.0,0.0
1,As if Elon Musk wasn’t already having a good day.,2019-10-24T12:33:49.831Z,2019-10-24 00:00:00+00:00,1,298.37,304.93,289.2,299.68,29819231.0,1.3100000000000023,0.004390521835305166,45.0,0.17669231977383393,0.004390521835305166,0.17669231977383393
89,Tesla Inc. shares are now trading above Wall Street expectations after spending most of the year languishing below analysts’ average price targets.,2019-10-24T16:32:01.577Z,2019-10-24 00:00:00+00:00,1,298.37,304.93,289.2,299.68,29819231.0,1.3100000000000023,0.004390521835305166,45.0,0.17669231977383393,0.004390521835305166,0.17669231977383393
3,"Tesla Inc. unveiled its first vehicles built in China, a milestone for Elon Musk’s company as it prepares to start sales of domestically made electric sedans in the world’s largest auto market.",2019-11-11T06:58:52.734Z,2019-11-11 00:00:00+00:00,0,343.95,349.19,342.0,345.09,9993689.0,1.1399999999999864,0.003314435237679856,7.949999999999989,0.023580708311087273,0.0,0.0
4,"Tesla Inc. raised $2.35 billion through debt and stock offerings that expanded from the company’s initial plans, helping to put some near-term liquidity fears to rest.",2019-05-03T12:43:05.890Z,2019-05-03 00:00:00+00:00,0,243.86,256.61,243.49,255.03,23706771.0,11.169999999999987,0.04580497006479122,10.930000000000007,0.044776730848013147,0.0,0.0
5,Tesla Inc. shares plummeted as much as 13% after a worse-than-expected loss and yet another major management change cast fresh doubts on the electric-car maker’s future.,2019-07-24T21:01:17.166Z,2019-07-24 00:00:00+00:00,-1,259.17,266.07,258.1601,264.88,11072835.0,5.7099999999999795,0.022031870972720528,4.7099999999999795,0.01810354768036282,-0.022031870972720528,-0.01810354768036282
85,"Tesla Inc.’s solar installations slipped yet again in the second quarter, marking another setback for the U.S. rooftop panel industry’s former king.",2019-07-24T20:54:00.016Z,2019-07-24 00:00:00+00:00,0,259.17,266.07,258.1601,264.88,11072835.0,5.7099999999999795,0.022031870972720528,4.7099999999999795,0.01810354768036282,0.0,0.0
86,Tesla Inc. sold a record number of cars during the second quarter. But did the company make enough money while doing so?,2019-07-24T10:00:00.006Z,2019-07-24 00:00:00+00:00,0,259.17,266.07,258.1601,264.88,11072835.0,5.7099999999999795,0.022031870972720528,4.7099999999999795,0.01810354768036282,0.0,0.0
6,"Elon Musk flipped the script on those who doubted Tesla Inc. could return to profitability and meet aggressive timelines, delivering positive earnings few saw coming and declaring he’s ahead of schedule on a new plant and product.",2019-10-23T21:12:47.908Z,2019-10-23 00:00:00+00:00,-1,254.5,256.14,251.35,254.68,11216182.0,0.18000000000000682,0.0007072691552063137,-0.9000000000000057,-0.0035214023006495676,-0.0007072691552063137,0.0035214023006495676
7,A “Kilimanjaro-like uphill climb” to hit profitability goals in the second half of the year.,2019-05-20T04:23:00.711Z,2019-05-20 00:00:00+00:00,0,202.8,206.0,195.25,205.36,20526195.0,2.5600000000000023,0.01262327416173571,-5.6699999999999875,-0.026868217788939885,0.0,-0.0
8,Stefan Moeller began this year with an ambitious target: to make his car-rental company Nextmove the biggest Tesla Inc. customer in Germany by adding 100 Model 3s to its fleet. He likened the electric car’s arrival on Europe’s shores to a tsunami washing over a region that’s been slow to embrace battery-powered autos.,2019-08-16T03:00:00.012Z,2019-08-16 00:00:00+00:00,1,216.66,222.24,216.02,219.94,5207376.0,3.280000000000001,0.015138927351610824,4.300000000000011,0.019940641810424875,0.015138927351610824,0.019940641810424875
9,"Elon Musk picked a glitzy event in Germany, a few hours’ drive from the birthplace of the internal combustion engine, to drop the news before some of the world’s biggest car bosses: Tesla Inc. plans to set up shop in their backyard.",2019-11-12T20:23:58.577Z,2019-11-12 00:00:00+00:00,-1,346.9,350.37,344.04,349.93,7359383.0,3.0300000000000296,0.008734505621216575,4.840000000000032,0.014025326726361254,-0.008734505621216575,-0.014025326726361254
10,Elon Musk last week called for a “hardcore” review of all the company’s expenses.,2019-05-21T09:37:00.725Z,2019-05-21 00:00:00+00:00,0,197.76,207.4,196.04,205.08,18003899.0,7.320000000000022,0.037014563106796225,-0.28000000000000114,-0.0013634592910011234,0.0,-0.0
11,Tesla Inc.’s share price was already nowhere near the necessary level to help convert its $920 million in bonds to stock. Elon Musk’s contentious tweets killed any last-minute hopes that a miracle rally was near.,2019-02-27T11:00:01.001Z,2019-02-27 00:00:00+00:00,1,301.78,316.295,300.55,314.74,11183908.0,12.960000000000036,0.04294519186162117,16.879999999999995,0.05667091922379641,0.04294519186162117,0.05667091922379641
12,"Tesla Inc.’s abrupt about-turn in the decision to shutter stores and slash prices raise questions about management decisions at the electric-vehicle maker, analysts covering the stock said.",2019-03-11T15:55:52.884Z,2019-03-11 00:00:00+00:00,-1,283.52,291.28,280.5,290.92,7392278.0,7.400000000000034,0.026100451467268745,6.78000000000003,0.02386147673681993,-0.026100451467268745,-0.02386147673681993
33,A former Tesla Inc. security manager told U.S. securities regulators that many employees knew of and doubted efforts to take the company private before Chief Executive Officer Elon Musk tweeted about them last year. The electric-car maker denied the claim.,2019-03-11T16:03:41.044Z,2019-03-11 00:00:00+00:00,-1,283.52,291.28,280.5,290.92,7392278.0,7.400000000000034,0.026100451467268745,6.78000000000003,0.02386147673681993,-0.026100451467268745,-0.02386147673681993
13,"Even for oft-volatile Tesla Inc., Thursday morning will go down as one of the more memorable roller-coaster rides.",2019-05-23T13:32:59.370Z,2019-05-23 00:00:00+00:00,0,194.34,199.465,186.22,195.49,26547142.0,1.1500000000000057,0.005917464237933548,2.7600000000000193,0.014320552067659476,0.0,0.0
67,Hedge funds like Millennium Management LLC and DE Shaw & Co. trimmed their exposure to Tesla Inc. just before the company’s latest drop during the second quarter wiped out roughly $16 billion in market value.,2019-05-23T16:52:40.188Z,2019-05-23 00:00:00+00:00,1,194.34,199.465,186.22,195.49,26547142.0,1.1500000000000057,0.005917464237933548,2.7600000000000193,0.014320552067659476,0.005917464237933548,0.014320552067659476
14,"Tesla Inc. Chief Executive Officer Elon Musk caught many employees by surprise with his announcement last week that the electric-car maker would close most stores and shift to online-only sales, according to three people familiar with the matter.",2019-03-05T01:53:40.781Z,2019-03-05 00:00:00+00:00,1,282.0,284.0,270.1,276.54,18764740.0,-5.4599999999999795,-0.019361702127659502,-8.819999999999993,-0.030908326324642577,-0.019361702127659502,-0.030908326324642577
95,"Tesla Inc.’s $35,000 Model 3 and online-only sales structure mean investors should give up on the idea of the company being to cars what Apple Inc. is to mobile phones.",2019-03-05T16:55:34.871Z,2019-03-05 00:00:00+00:00,0,282.0,284.0,270.1,276.54,18764740.0,-5.4599999999999795,-0.019361702127659502,-8.819999999999993,-0.030908326324642577,-0.0,-0.0
15,A Wall Street analyst who had a price target of $379 on Tesla Inc. a little more than a year ago held a private call with investors Wednesday to elaborate on why he thinks the stock may now be headed for as low as $10.,2019-05-22T20:27:10.523Z,2019-05-22 00:00:00+00:00,0,199.1,203.94,191.78,192.73,18685187.0,-6.3700000000000045,-0.031993972877950805,-12.350000000000023,-0.060220401794421785,-0.0,-0.0
51,Tesla Inc. senior managers and directors -- excluding Chief Executive Officer Elon Musk -- are on pace to collect the most money from selling the automaker’s stock in at least six years.,2019-05-22T15:40:56.528Z,2019-05-22 00:00:00+00:00,0,199.1,203.94,191.78,192.73,18685187.0,-6.3700000000000045,-0.031993972877950805,-12.350000000000023,-0.060220401794421785,-0.0,-0.0
16,Tesla Inc. short-sellers have taken a decisive lead in the perennial tug-of-war between bulls and bears on Wall Street.,2019-08-13T16:06:43.596Z,2019-08-13 00:00:00+00:00,1,228.81,236.0,227.55,235.0,4868998.0,6.189999999999998,0.02705301341724574,5.990000000000009,0.02615606305401519,0.02705301341724574,0.02615606305401519
17,"The re-escalation of the U.S.-China trade war is hitting Tesla Inc. shares hardest among major automakers, with investors betting it won’t be long before cars crossing the two countries’ borders are again subject to bigger tariffs.",2019-05-13T16:14:14.860Z,2019-05-13 00:00:00+00:00,-1,232.01,232.47,224.5,227.01,10834796.0,-5.0,-0.02155079522434378,-12.51000000000002,-0.0522294589178357,0.02155079522434378,0.0522294589178357
18,"For years, Tesla Inc. has hauled in revenue by selling credits to other carmakers that needed to offset sales of polluting vehicles to U.S. consumers. These sorts of transactions have largely been shrouded in secrecy -- until now.",2019-06-03T14:30:24.973Z,2019-06-03 00:00:00+00:00,0,185.51,186.68,176.9919,178.97,13064410.0,-6.539999999999992,-0.03525416419600017,-6.189999999999998,-0.03343054655433142,-0.0,-0.0
19,"Tesla Inc. surprised Wall Street with record second-quarter deliveries that beat estimates, easing concerns over waning demand for the company’s electric cars that had pressured shares so far this year.",2019-07-03T08:10:12.970Z,2019-07-03 00:00:00+00:00,-1,239.39,241.57,234.51,234.9,14201148.0,-4.489999999999981,-0.01875600484564928,10.349999999999994,0.04609218436873741,0.01875600484564928,-0.04609218436873741
20,"Tesla Inc. notified California that the job cuts Elon Musk announced earlier this month will include more than 1,000 workers in the electric-car maker’s home state.",2019-01-31T22:34:01.019Z,2019-01-31 00:00:00+00:00,-1,301.0,311.5636,294.0,307.02,12569245.0,6.019999999999982,0.019999999999999938,-1.75,-0.005667649059170277,-0.019999999999999938,0.005667649059170277
21,"""Call the Cybertruck a Hummer for the green millennial generation, really the ultimate virtue and vice signaling machine.""",2019-11-22T17:09:54.466Z,2019-11-22 00:00:00+00:00,0,340.16,341.0,330.0,333.04,16870642.0,-7.1200000000000045,-0.020931326434619014,-21.789999999999964,-0.06140968914691536,-0.0,-0.0
27,"Tesla Inc. Chief Executive Officer Elon Musk took to the stage late Thursday to reprise a familiar role: pitching a future vehicle to a throng of adoring fans. This time, it was the “Cybertruck” -- his name for Tesla’s new electric pickup.",2019-11-22T04:42:22.408Z,2019-11-22 00:00:00+00:00,0,340.16,341.0,330.0,333.04,16870642.0,-7.1200000000000045,-0.020931326434619014,-21.789999999999964,-0.06140968914691536,-0.0,-0.0
32,"Elon Musk unveiled Tesla Inc.’s eagerly awaited electric pickup truck on Thursday but it didn’t go as planned, ending with two smashed windows and the hashtag #cybertruck trending on Twitter for all the wrong reasons.",2019-11-22T05:34:34.034Z,2019-11-22 00:00:00+00:00,-1,340.16,341.0,330.0,333.04,16870642.0,-7.1200000000000045,-0.020931326434619014,-21.789999999999964,-0.06140968914691536,0.020931326434619014,0.06140968914691536
39,"Tesla Inc. slumped on Friday after the electric carmaker’s newly unveiled pickup truck elicited mixed response on Wall Street, with many analysts saying the “particularly futuristic” design may relegate it to niche vehicle status.",2019-11-22T13:45:30.623Z,2019-11-22 00:00:00+00:00,0,340.16,341.0,330.0,333.04,16870642.0,-7.1200000000000045,-0.020931326434619014,-21.789999999999964,-0.06140968914691536,-0.0,-0.0
22,"One of Tesla Inc.’s biggest fans among Wall Street brokers said the carmaker’s share price decline in 2019 has been “humbling,” slashing its price target by a quarter while still recommending investors buy the stock.",2019-06-21T07:09:15.577Z,2019-06-21 00:00:00+00:00,-1,216.22,222.18,215.5,221.86,8202078.0,5.640000000000015,0.02608454352048846,2.240000000000009,0.010199435388398292,-0.02608454352048846,-0.010199435388398292
50,"Workers at a major auto parts plant in Michigan are poised to return to work after a brief strike Friday, alleviating the threat of a supply disruption for carmakers Ford Motor Co., Tesla Inc. and Fiat Chrysler Automobiles NV.",2019-06-21T12:46:32.812Z,2019-06-21 00:00:00+00:00,-1,216.22,222.18,215.5,221.86,8202078.0,5.640000000000015,0.02608454352048846,2.240000000000009,0.010199435388398292,-0.02608454352048846,-0.010199435388398292
23,"Tesla Inc. and Panasonic Corp. are reportedly tempering expansion plans for the battery gigafactory they’ve plugged billions into the last few years, deepening concerns about demand for the carmaker’s electric vehicles.",2019-04-11T09:12:34.009Z,2019-04-11 00:00:00+00:00,-1,268.3,270.5,265.6,268.42,9835927.0,0.12000000000000455,0.00044726052925830986,-7.639999999999986,-0.02767514308483654,-0.00044726052925830986,0.02767514308483654
24,"Tesla Inc. shares dropped as much as 10 percent on Wednesday after the company reported fourth-quarter Model 3 deliveries just below estimates and said it would lower the price of its cars, prompting at least one analyst to flag the selloff as “overdone.”",2019-01-02T15:19:53.004Z,2019-01-02 00:00:00+00:00,1,306.1,315.13,298.8,310.12,11658648.0,4.019999999999982,0.01313296308395943,-22.680000000000007,-0.06814903846153852,0.01313296308395943,-0.06814903846153852
54,No sooner did Elon Musk put a raucous 2018 behind him than a new worry erupted for Tesla Inc.: a potential ceiling in demand for its cars.,2019-01-02T13:48:07.346Z,2019-01-02 00:00:00+00:00,-1,306.1,315.13,298.8,310.12,11658648.0,4.019999999999982,0.01313296308395943,-22.680000000000007,-0.06814903846153852,-0.01313296308395943,0.06814903846153852
26,"The blows keep coming for Tesla Inc., even as the shares have shed about a fifth of their value in the past month. The latest knock comes from Barclays analyst Brian Johnson, who said the company may be relegated to the status of a niche luxury carmaker.",2019-05-30T11:56:34.172Z,2019-05-30 00:00:00+00:00,1,188.75,192.255,187.02,188.22,7926475.0,-0.5300000000000011,-0.002807947019867556,-1.6400000000000148,-0.008637943748024957,-0.002807947019867556,-0.008637943748024957
28,"Tesla Inc.’s executive turnover is higher than major Silicon Valley-based technology companies and is particularly acute among those reporting to Chief Executive Officer Elon Musk, according to a Bernstein analyst.",2019-08-14T14:26:52.423Z,2019-08-14 00:00:00+00:00,0,231.21,231.5,216.69,219.62,9562591.0,-11.590000000000003,-0.050127589637126435,-15.379999999999995,-0.06544680851063833,-0.0,-0.0
90,"What do a luxury jeweler, a tech behemoth and a toymaker have to do with renewable energy?",2019-08-14T20:31:05.712Z,2019-08-14 00:00:00+00:00,0,231.21,231.5,216.69,219.62,9562591.0,-11.590000000000003,-0.050127589637126435,-15.379999999999995,-0.06544680851063833,-0.0,-0.0
29,"Tesla Inc.’s latest first quarter was “one of top debacles” ever seen in 20 years of covering tech stocks on the Street, Wedbush analyst Daniel Ives said on Thursday.",2019-04-25T12:17:30.677Z,2019-04-25 00:00:00+00:00,1,255.0,259.0,246.07,247.63,21849393.0,-7.3700000000000045,-0.028901960784313743,-11.03000000000003,-0.042642851619887234,-0.028901960784313743,-0.042642851619887234
30,"Tesla Inc. is reducing production of Model S sedans and Model X crossovers, adding to concerns about demand for the electric-car maker’s higher-priced and more profitable vehicles. The shares dropped on the news.",2019-01-23T17:34:31.366Z,2019-01-23 00:00:00+00:00,0,292.5,294.5,281.69,287.59,12529993.0,-4.910000000000025,-0.01678632478632487,-11.330000000000041,-0.0379031178910747,-0.0,-0.0
82,"Tesla Inc. shares dropped as much as 4.5 percent on Wednesday after the latest Wall Street analyst downgrading the stock said the company’s current valuation already considers overly lofty expectations, with at least one-third of the share price reflecting an “Elon premium.”",2019-01-23T12:50:22.842Z,2019-01-23 00:00:00+00:00,1,292.5,294.5,281.69,287.59,12529993.0,-4.910000000000025,-0.01678632478632487,-11.330000000000041,-0.0379031178910747,-0.01678632478632487,-0.0379031178910747
31,Tesla Inc. has stopped taking orders for vehicles on its website and redirected to a page teasing the announcement Elon Musk scheduled for this afternoon.,2019-02-28T20:30:52.784Z,2019-02-28 00:00:00+00:00,-1,318.92,320.0,310.81,319.88,10520653.0,0.9599999999999795,0.003010159287595571,5.139999999999986,0.016330939823346213,-0.003010159287595571,-0.016330939823346213
45,"Elon Musk is delivering on one big promise -- a $35,000 Model 3 -- while falling short on another: that Tesla Inc.’s days of losing money are over.",2019-02-28T22:04:54.772Z,2019-02-28 00:00:00+00:00,-1,318.92,320.0,310.81,319.88,10520653.0,0.9599999999999795,0.003010159287595571,5.139999999999986,0.016330939823346213,-0.003010159287595571,-0.016330939823346213
34,A climate-conscious Vermont utility is partnering with Tesla Inc. as it aspires to install battery systems in every home it serves.,2019-04-30T13:00:00.002Z,2019-04-30 00:00:00+00:00,0,242.06,244.21,237.0,238.69,9464628.0,-3.3700000000000045,-0.013922168057506422,-2.780000000000001,-0.011512817327204217,-0.0,-0.0
35,"There is plenty of demand in the U.S. for Tesla Inc.’s Model 3, and the sedan’s potential to win customers from mass-market competitors should counter concerns about the electric-car maker’s performance, analysts at Piper Jaffray said in a report.",2019-06-07T10:24:00.010Z,2019-06-07 00:00:00+00:00,1,205.0,210.8438,203.499,204.5,16003527.0,-0.5,-0.0024390243902439024,-1.4499999999999886,-0.007040543821315803,-0.0024390243902439024,-0.007040543821315803
36,"Elon Musk is cutting Tesla Inc.’s workforce by 7 percent -- or more than 3,000 jobs -- warning that the “road ahead is very difficult” in making electric cars more affordable for the mass market.",2019-01-18T10:17:53.282Z,2019-01-18 00:00:00+00:00,-1,323.0,327.1297,299.7301,302.26,24150763.0,-20.74000000000001,-0.0642105263157895,-45.05000000000001,-0.12971120900636324,0.0642105263157895,0.12971120900636324
76,The battle between Tesla Inc. and General Motors Co. for the most valuable U.S. carmaker is heating up.,2019-01-18T13:25:03.285Z,2019-01-18 00:00:00+00:00,-1,323.0,327.1297,299.7301,302.26,24150763.0,-20.74000000000001,-0.0642105263157895,-45.05000000000001,-0.12971120900636324,0.0642105263157895,0.12971120900636324
83,The Elon Musk who announced Tesla Inc. job cuts sounded a lot less bullish than the Musk investors have read or heard from lately.,2019-01-18T18:19:43.266Z,2019-01-18 00:00:00+00:00,-1,323.0,327.1297,299.7301,302.26,24150763.0,-20.74000000000001,-0.0642105263157895,-45.05000000000001,-0.12971120900636324,0.0642105263157895,0.12971120900636324
87,The perpetual tug-of-war between Tesla Inc.’s true believers and skeptics took a new turn Friday after the electric-car maker sparked a sell-off with its plan to cut thousands of jobs.,2019-01-18T16:30:13.046Z,2019-01-18 00:00:00+00:00,-1,323.0,327.1297,299.7301,302.26,24150763.0,-20.74000000000001,-0.0642105263157895,-45.05000000000001,-0.12971120900636324,0.0642105263157895,0.12971120900636324
37,"He sold his internet company for billions of dollars and then bet on an electric-vehicle startup, posting about it frequently on social media. He owns shares of Tesla Inc., drives its cars and is building a factory in China.",2019-03-22T13:19:58.344Z,2019-03-22 00:00:00+00:00,1,272.58,272.8,264.0,264.53,8745609.0,-8.050000000000011,-0.029532614278377035,-9.490000000000009,-0.03463250857601641,-0.029532614278377035,-0.03463250857601641
84,"Demand for Tesla Inc’s Model 3 sedan is expected to remain soft in the U.S. until the release of the lower-priced $35,000 model next quarter, Cowen analyst Jeffrey Osborne said.",2019-03-22T13:37:06.797Z,2019-03-22 00:00:00+00:00,-1,272.58,272.8,264.0,264.53,8745609.0,-8.050000000000011,-0.029532614278377035,-9.490000000000009,-0.03463250857601641,0.029532614278377035,0.03463250857601641
38,Tesla Inc. shares closed at the lowest level in almost 2 1/2 years after Elon Musk called for a “hardcore” review of all the electric-car maker’s expenses and an analyst warned of potentially severe fallout from a fatal crash involving Autopilot.,2019-05-17T15:47:08.278Z,2019-05-17 00:00:00+00:00,-1,221.96,222.24,208.92,211.03,17786666.0,-10.930000000000007,-0.04924310686610203,-17.30000000000001,-0.0757675294529847,0.04924310686610203,0.0757675294529847
40,"Tesla Inc. investors are underestimating how fast Model 3 demand is recovering as the automaker prepares to report second-quarter deliveries this week, according to JMP Securities.",2019-07-01T12:23:13.273Z,2019-07-01 00:00:00+00:00,-1,230.21,233.0995,226.28,227.17,8237964.0,-3.0400000000000205,-0.013205334260023545,3.7099999999999795,0.016602523941644964,0.013205334260023545,-0.016602523941644964
41,"Tesla Inc. Chief Executive Officer Elon Musk said he expects to grow the fleet of Tesla vehicles by 60-80% this year, after doubling it last year.",2019-06-11T22:57:19.250Z,2019-06-11 00:00:00+00:00,0,219.1435,220.9,213.5,217.1,11653537.0,-2.0434999999999945,-0.00932494005069735,4.219999999999999,0.01982337467117623,-0.0,0.0
42,"China is ordering carmakers to conduct checks on electric vehicles after cars made by Tesla Inc. and NIO Inc. caught on fire, spurring anxiety over the safety of battery-powered automobiles.",2019-06-17T13:45:39.532Z,2019-06-17 00:00:00+00:00,-1,215.48,227.0,214.27,225.03,12316803.0,9.550000000000011,0.044319658436977966,10.110000000000014,0.04704075935231722,-0.044319658436977966,-0.04704075935231722
43,"Elon Musk described autonomous-driving technology as “transformative” to Tesla Inc. in a call aimed at ginning up interest in the electric-car maker’s debt and stock offering of about $2 billion, according to two people who dialed in.",2019-05-02T21:30:05.306Z,2019-05-02 00:00:00+00:00,-1,245.52,247.13,237.72,244.1,18159339.0,-1.420000000000016,-0.005783642880417139,10.090000000000003,0.043117815477971,0.005783642880417139,-0.043117815477971
44,Tesla Inc. and Apple Inc. both suspect they were betrayed by driverless technology engineers who defected to the same Chinese startup.,2019-07-11T18:02:07.604Z,2019-07-11 00:00:00+00:00,-1,238.14,241.5,235.8,238.6,7514430.0,0.46000000000000796,0.0019316368522718063,-0.3199999999999932,-0.0013393604553825211,-0.0019316368522718063,0.0013393604553825211
46,"A Tesla Inc. Model 3 involved in a March 1 fatal crash in Florida was being driven by the vehicle’s semi-autonomous Autopilot system and the driver’s hands weren’t on the steering wheel, according to the National Transportation Safety Board.",2019-05-16T15:09:30.384Z,2019-05-16 00:00:00+00:00,-1,229.49,231.0,226.5,228.33,7483273.0,-1.1599999999999966,-0.005054686478713655,-3.619999999999976,-0.015606811812890586,0.005054686478713655,0.015606811812890586
47,The swath of initiatives Tesla Inc. unveiled Thursday is either a desperate move or a remarkably savvy strategy to adapt to a difficult market -- depending on who you ask on Wall Street.,2019-03-01T12:21:47.347Z,2019-03-01 00:00:00+00:00,-1,306.94,307.13,291.9,294.79,22911375.0,-12.149999999999977,-0.03958428357333674,-25.089999999999975,-0.07843566337376506,0.03958428357333674,0.07843566337376506
72,You can’t blame America’s teenagers for no longer congregating at the mall like generations past: There aren’t all that many stores left.,2019-03-01T15:31:56.277Z,2019-03-01 00:00:00+00:00,-1,306.94,307.13,291.9,294.79,22911375.0,-12.149999999999977,-0.03958428357333674,-25.089999999999975,-0.07843566337376506,0.03958428357333674,0.07843566337376506
48,"Tesla Inc. will soon unveil its Model Y crossover vehicle, and that’s prompting concerns about a potential cannibalization of sales at a time when investors are already worried about demand for the company’s cars.",2019-03-04T13:46:00.178Z,2019-03-04 00:00:00+00:00,-1,298.12,299.0,282.78,285.36,17096818.0,-12.759999999999991,-0.04280155642023343,-9.430000000000007,-0.03198887343532686,0.04280155642023343,0.03198887343532686
49,Hedge fund manager David Einhorn said he expects to make a profit off his short on Tesla Inc. as the electric-car maker faces a “stream of unending losses.”,2019-05-07T13:37:30.640Z,2019-05-07 00:00:00+00:00,0,256.8,257.21,245.1,247.06,10131408.0,-9.740000000000009,-0.03792834890965736,-8.280000000000001,-0.03242735176627243,-0.0,-0.0
52,The Trump administration has refused to spare Tesla Inc. from tariffs of 25% levied on the China-made computer “brain” and large center screen used on its Model 3 electric car.,2019-06-13T16:31:17.617Z,2019-06-13 00:00:00+00:00,-1,210.38,214.9,207.5103,213.91,8168260.0,3.530000000000001,0.016779161517254497,4.650000000000006,0.022221160279078722,-0.016779161517254497,-0.022221160279078722
53,"Tesla Inc. and its Chief Executive Elon Musk made some bold claims at the company’s investor day on Monday, but Wall Street analysts are far from convinced.",2019-04-23T14:21:19.430Z,2019-04-23 00:00:00+00:00,1,260.15,265.6,255.75,263.9,10943859.0,3.75,0.014414760714972132,1.1499999999999773,0.004376784015223567,0.014414760714972132,0.004376784015223567
55,"The good and the bad Elon Musk were on full display Wednesday, when Tesla Inc. released its much-awaited third-quarter delivery figures.",2019-10-02T20:39:20.774Z,2019-10-02 00:00:00+00:00,0,243.29,244.65,239.43,243.13,6256548.0,-0.1599999999999966,-0.0006576513625714028,-1.5600000000000023,-0.006375413788875739,-0.0,-0.0
56,Tesla Inc. agreed to change the way it advertises the Model 3 sedan in Germany by getting rid of fuel-savings claims the nation’s fair-competition watchdog said are misleading.,2019-03-06T21:20:46.482Z,2019-03-06 00:00:00+00:00,-1,276.48,281.5058,274.39,276.24,10335485.0,-0.2400000000000091,-0.0008680555555555884,-0.30000000000001137,-0.0010848340203949425,0.0008680555555555884,0.0010848340203949425
80,"Investors should temper expectations that Tesla Inc. will earn profits in China, Morgan Stanley analyst Adam Jonas wrote, adding that he’s cautious about the role the country will play in the carmaker’s long-term strategy and fundamental value.",2019-03-06T13:37:05.589Z,2019-03-06 00:00:00+00:00,-1,276.48,281.5058,274.39,276.24,10335485.0,-0.2400000000000091,-0.0008680555555555884,-0.30000000000001137,-0.0010848340203949425,0.0008680555555555884,0.0010848340203949425
57,Elon Musk saw $1.1 billion wiped from his net worth in the first two minutes of New York trading as Tesla Inc. shares sank as much as 11 percent.,2019-04-04T13:57:52.041Z,2019-04-04 00:00:00+00:00,1,261.89,271.2,260.59,267.78,23720729.0,5.889999999999986,0.022490358547481715,-24.03000000000003,-0.08234810321784736,0.022490358547481715,-0.08234810321784736
58,"The narrative around Tesla Inc. is the most cloudy that it’s been in years and signs of weakening demand have resurrected long-standing questions about the electric-vehicle maker’s ability to fund itself as an independent company, Morgan Stanley said.",2019-03-20T15:26:57.125Z,2019-03-20 00:00:00+00:00,1,269.69,274.97,266.3,273.6,6908224.0,3.910000000000025,0.014498127479699006,6.1299999999999955,0.022918458144838727,0.014498127479699006,0.022918458144838727
59,Tesla Inc.’s total delivery estimates for the full year were lowered at Robert W. Baird to reflect a slower-than-expected Model 3 ramp and moderating demand for Models S and X.,2019-04-17T12:28:20.849Z,2019-04-17 00:00:00+00:00,-1,274.75,274.79,268.535,271.23,5126468.0,-3.519999999999982,-0.012811646951774273,-2.1299999999999955,-0.007791922739244894,0.012811646951774273,0.007791922739244894
60,"T. Rowe Price Group Inc. sold almost half of its stake in Tesla Inc. during the fourth quarter, according to a regulatory filing.",2019-02-11T17:06:52.526Z,2019-02-11 00:00:00+00:00,0,311.6,318.6,310.5,312.84,7129713.0,1.2399999999999523,0.003979460847239898,7.039999999999964,0.02302158273381294,0.0,0.0
77,"For Tesla Inc. investors, the last year was all about whether the company could make enough cars at a stable rate. This year is going to be all about who would buy those cars.",2019-02-11T17:26:20.978Z,2019-02-11 00:00:00+00:00,1,311.6,318.6,310.5,312.84,7129713.0,1.2399999999999523,0.003979460847239898,7.039999999999964,0.02302158273381294,0.003979460847239898,0.02302158273381294
79,"The nascent electric vehicle market in the U.S. -- currently dominated by Tesla Inc. -- hasn’t been around long, but it’s already due for a disruption.",2019-02-11T19:41:52.869Z,2019-02-11 00:00:00+00:00,-1,311.6,318.6,310.5,312.84,7129713.0,1.2399999999999523,0.003979460847239898,7.039999999999964,0.02302158273381294,-0.003979460847239898,-0.02302158273381294
61,"Demand for Tesla Inc.’s cars is expected to see more pressure amid increasing competition, the phase-out of a federal tax incentive and an aging product lineup, Evercore ISI analyst Arndt Ellinghorst said on Monday.",2019-04-22T12:09:13.128Z,2019-04-22 00:00:00+00:00,-1,269.0,269.68,262.48,262.75,12147141.0,-6.25,-0.023234200743494422,-10.509999999999991,-0.038461538461538436,0.023234200743494422,0.038461538461538436
62,Tesla Inc. shares climbed the most since June after Elon Musk said in an email to employees that the carmaker has a chance to top the vehicle-delivery record it set in the second quarter.,2019-09-26T18:18:43.440Z,2019-09-26 00:00:00+00:00,1,230.66,243.31,227.4,242.56,12078785.0,11.900000000000006,0.05159108644758521,13.860000000000014,0.060603410581547834,0.05159108644758521,0.060603410581547834
63,"Tesla Inc. had its worst week since Elon Musk’s effort to take the carmaker private fell apart, sending its market capitalization below Ford Motor Co.’s for the first time in over a year.",2019-04-26T16:59:47.675Z,2019-04-26 00:00:00+00:00,-1,246.5,246.68,231.13,235.14,22360709.0,-11.360000000000014,-0.04608519269776882,-12.490000000000009,-0.05043815369704807,0.04608519269776882,0.05043815369704807
64,"Tesla Inc. is revamping its organization in Asia to put more focus on China as the company prepares to start manufacturing in the world’s largest electric-car market, people familiar with the matter said.",2019-06-18T08:28:17.461Z,2019-06-18 00:00:00+00:00,1,228.72,234.74,222.56,224.74,12715788.0,-3.9799999999999898,-0.017401189227002404,-0.28999999999999204,-0.0012887170599474862,-0.017401189227002404,-0.0012887170599474862
65,"Tesla Inc. is edging closer to recording its second death cross since September, a bearish signal whereby a stock’s 50-day moving average crosses below the 200-day line. The electric-car maker fell as much as 3.4 percent on Tuesday after the U.S. Securities and Exchange Commission asked a judge to hold Chief Executive Officer Elon Musk in contempt for violating a settlement that required him to get Tesla’s approval before communicating material information to investors.",2019-02-26T16:42:14.489Z,2019-02-26 00:00:00+00:00,-1,292.22,302.01,288.7701,297.86,8582535.0,5.639999999999986,0.019300527000205275,-0.9099999999999682,-0.0030458212002543172,-0.019300527000205275,0.0030458212002543172
69,Tesla Inc. shares dropped in Tuesday’s pre-market after the U.S. Securities and Exchange Commission asked a judge to hold Elon Musk in contempt for violating a settlement agreement.,2019-02-26T13:49:20.308Z,2019-02-26 00:00:00+00:00,-1,292.22,302.01,288.7701,297.86,8582535.0,5.639999999999986,0.019300527000205275,-0.9099999999999682,-0.0030458212002543172,-0.019300527000205275,0.0030458212002543172
70,Tesla Inc. shares dropped in Tuesday’s pre-market after the U.S. Securities and Exchange Commission asked a judge to hold Elon Musk in contempt for violating a settlement agreement.,2019-02-26T13:49:20.308Z,2019-02-26 00:00:00+00:00,-1,292.22,302.01,288.7701,297.86,8582535.0,5.639999999999986,0.019300527000205275,-0.9099999999999682,-0.0030458212002543172,-0.019300527000205275,0.0030458212002543172
66,"The concerns around the demand for Tesla Inc.’s cars are resurfacing as the second quarter nears a close, with Goldman Sachs analyst David Tamberrino saying volume estimates for the second half of the year and beyond appear to be high, considering there are now fewer “levers to pull to stoke demand going forward.”",2019-06-20T12:05:16.113Z,2019-06-20 00:00:00+00:00,-1,223.0,226.9,216.35,219.62,11863462.0,-3.3799999999999955,-0.01515695067264572,-6.810000000000002,-0.030075520028264857,0.01515695067264572,0.030075520028264857
68,Tesla Inc. reported earnings that fell short of analysts’ estimates as Chief Executive Officer Elon Musk cuts jobs to keep the electric-car maker profitable.,2019-01-30T21:38:38.098Z,2019-01-30 00:00:00+00:00,-1,300.45,309.0,298.49,308.77,11250318.0,8.319999999999993,0.027691795639873503,11.310000000000002,0.0380219189134674,-0.027691795639873503,-0.0380219189134674
88,Being a Tesla Inc. shareholder has required a strong stomach over the past year as the stock price routinely posted double-digit price swings from one month to the next. Now options investors are bracing for even more volatility in the wake of the company’s earnings report.,2019-01-30T19:14:44.162Z,2019-01-30 00:00:00+00:00,1,300.45,309.0,298.49,308.77,11250318.0,8.319999999999993,0.027691795639873503,11.310000000000002,0.0380219189134674,0.027691795639873503,0.0380219189134674
71,"Tesla Inc.’s manic year of production took its toll on workers. Staff at the automaker’s lone assembly plant in Fremont, California, spent almost three times as many days off the job because of work-related injuries and illness in 2018 as the year before, an indication of just how much strain they were under as they manufactured electric cars at scale for the first time. When taking headcount growth into account, the amount of time away per worker doubled last year, according to Tesla’s report t",2019-03-19T13:06:12.367Z,2019-03-19 00:00:00+00:00,0,267.5,273.3,263.46,267.47,11800630.0,-0.029999999999972715,-0.00011214953271017838,-2.019999999999982,-0.007495639912427077,-0.0,-0.0
73,"Tesla Inc. could soon become more German, if Morgan Stanley’s prediction is right.",2019-11-07T10:19:51.512Z,2019-11-07 00:00:00+00:00,0,329.14,341.5,328.02,335.54,14467348.0,6.400000000000034,0.019444613234489986,8.960000000000036,0.027435850327637956,0.0,0.0
74,"As Tesla Inc.’s tumultuous first quarter draws to an end, another Wall Street analyst cautioned that the company’s vehicle deliveries for the period may disappoint.",2019-03-25T13:56:59.959Z,2019-03-25 00:00:00+00:00,-1,259.71,263.18,254.46,260.42,10215029.0,0.7100000000000364,0.0027338184898542083,-4.109999999999957,-0.015536990133444006,-0.0027338184898542083,0.015536990133444006
75,"Tesla Inc.’s home state of California accounted for almost half of all Model 3 registrations through the first 10 months of 2018, a sign that the electric-car maker is wildly popular in the Golden State but not yet ubiquitous in other parts of the country.",2019-01-16T22:30:02.261Z,2019-01-16 00:00:00+00:00,1,344.78,352.0,343.5,346.05,4691739.0,1.2700000000000387,0.0036835083241488448,1.6200000000000045,0.004703423046772848,0.0036835083241488448,0.004703423046772848
78,Tesla Inc.’s recent progress in a few key initiatives while showing increased efficiency in fulfilling its global order book -- all in a relatively quiet manner -- is music to the ears of one analyst.,2019-09-03T12:30:08.444Z,2019-09-03 00:00:00+00:00,1,224.08,228.95,223.16,225.01,5360546.0,0.9299999999999784,0.004150303463048815,-0.6000000000000227,-0.002659456584371389,0.004150303463048815,-0.002659456584371389
81,"Tesla Inc. shares plunged 5 percent Friday, the worst rout for the stock following one of Chief Executive Officer Elon Musk’s parties to hype a new product or service.",2019-03-15T20:20:40.098Z,2019-03-15 00:00:00+00:00,-1,283.51,283.7244,274.4,275.43,14785531.0,-8.079999999999984,-0.028499876547564404,-14.529999999999973,-0.05011036004966196,0.028499876547564404,0.05011036004966196
91,Tesla Inc.’s plunging stock price indicates investors want Elon Musk to quickly cut a deal with the Securities and Exchange Commission. The question is whether the notoriously unpredictable chief executive officer will take the hint.,2018-09-28T16:25:51.884Z,2018-09-28 00:00:00+00:00,0,270.26,278.0,260.56,264.77,33649700.0,-5.490000000000009,-0.02031377192333312,-42.75,-0.13901534859521336,-0.0,-0.0
92,A bipartisan group of senators introduced legislation Wednesday that would extend a lucrative tax credit for electric vehicles that could benefit companies like Tesla Inc. and General Motors Co.,2019-04-10T14:18:34.673Z,2019-04-10 00:00:00+00:00,1,276.74,278.38,272.8925,276.06,7061314.0,-0.6800000000000068,-0.002457180024571825,3.75,0.013771069736697061,-0.002457180024571825,0.013771069736697061
93,"Tesla Inc. shares rebounded from last week’s U.S. lawsuit over Elon Musk’s take-private tweets, as a settlement ensured the billionaire will keep calling the shots at the carmaker he’s said is on the verge of profitability.",2018-10-01T09:40:15.752Z,2018-10-01 00:00:00+00:00,-1,305.77,311.44,301.05,310.7,21777597.0,4.930000000000007,0.016123229878666996,45.93000000000001,0.17347131472598853,-0.016123229878666996,-0.17347131472598853
96,"Elon Musk may be starting to put those take-private tweets behind him, but his fortune will need more time to recover.",2018-10-01T22:02:05.175Z,2018-10-01 00:00:00+00:00,0,305.77,311.44,301.05,310.7,21777597.0,4.930000000000007,0.016123229878666996,45.93000000000001,0.17347131472598853,0.0,0.0
94,"Tesla fell 1.7 percent pre-market Tuesday, after Morgan Stanley forecast “an air pocket in demand that is coming earlier than we expected,” and cut its price target on the electric-vehicle maker to $260 from $283.",2019-03-12T11:20:27.611Z,2019-03-12 00:00:00+00:00,-1,286.49,288.07,281.06,283.36,7504137.0,-3.1299999999999955,-0.01092533770812243,-7.560000000000002,-0.025986525505293567,0.01092533770812243,0.025986525505293567
97,"Tesla may qualify to be included in the S&P 500 Index in the second quarter of next year, Macquarie analyst Maynard Um wrote in a note to clients. That is, if it manages to show sustained profitability over trailing 12 months.",2018-11-08T13:00:31.756Z,2018-11-08 00:00:00+00:00,0,348.5,357.5755,348.44,351.4,7090674.0,2.8999999999999773,0.008321377331420307,3.2399999999999523,0.00930606617647034,0.0,0.0
98,"The world’s biggest lithium-ion battery is about to get even bigger, with Tesla Inc. set to beef up capacity at the Hornsdale site in South Australia.",2019-11-19T01:04:54.375Z,2019-11-19 00:00:00+00:00,0,351.75,359.99,347.8,359.52,7736078.0,7.769999999999982,0.022089552238805918,9.529999999999973,0.027229349409983117,0.0,0.0
99,"Tesla Inc. sinks as much as 4.7 percent, briefly dipping below $300 a share, as questions about the profitability of its Model 3 linger even after the electric carmaker met its production goal of building 5,000 units a week.",2018-07-05T15:26:42.834Z,2018-07-05 00:00:00+00:00,1,313.76,314.39,296.22,309.16,17476374.0,-4.599999999999966,-0.014660887302396628,-1.6999999999999886,-0.005468699736215665,-0.014660887302396628,-0.005468699736215665
